epoch,time,train/box_loss,train/cls_loss,train/l1_loss,metrics/precision(B),metrics/recall(B),metrics/mAP50(B),metrics/mAP50-95(B),val/box_loss,val/cls_loss,val/l1_loss,lr/pg0,lr/pg1,lr/pg2
1,15.4315,2.25419,2.53505,0.00396,0.53629,0.52756,0.51781,0.2257,1.88713,2.06907,0.00351,0.000661616,0.000661616,0.000661616
2,26.7149,2.13992,1.80776,0.00363,0.58535,0.61614,0.61682,0.28398,1.81911,1.70767,0.0034,0.00130198,0.00130198,0.00130198
3,37.9758,2.1821,1.666,0.0036,0.69943,0.55118,0.6659,0.31753,1.81206,1.41225,0.00354,0.00191595,0.00191595,0.00191595
4,49.2802,2.17348,1.56122,0.0035,0.69485,0.63583,0.70643,0.34023,1.77843,1.30116,0.00356,0.0018812,0.0018812,0.0018812
5,60.358,2.08044,1.48967,0.00351,0.65528,0.65157,0.69503,0.33381,1.85464,1.26473,0.00364,0.0018416,0.0018416,0.0018416
6,71.4268,2.09335,1.42778,0.00352,0.75244,0.6437,0.73734,0.37373,1.73335,1.23231,0.00339,0.001802,0.001802,0.001802
7,82.3824,2.06943,1.40416,0.00341,0.72366,0.65945,0.74955,0.36551,1.75663,1.27181,0.00344,0.0017624,0.0017624,0.0017624
8,93.3422,2.03595,1.33838,0.00337,0.73186,0.69309,0.76256,0.36931,1.68293,1.2809,0.00322,0.0017228,0.0017228,0.0017228
9,104.331,2.03551,1.31926,0.00328,0.65896,0.70746,0.74076,0.36833,1.74058,1.20648,0.00351,0.0016832,0.0016832,0.0016832
10,115.397,2.04541,1.35219,0.00334,0.70686,0.7185,0.75433,0.3784,1.8034,1.17095,0.0038,0.0016436,0.0016436,0.0016436
11,126.386,2.01119,1.29243,0.00321,0.76925,0.65625,0.75489,0.38331,1.74751,1.10512,0.00346,0.001604,0.001604,0.001604
12,137.391,1.99789,1.29611,0.00318,0.74557,0.72104,0.78966,0.41544,1.69215,1.07213,0.00337,0.0015644,0.0015644,0.0015644
13,148.366,1.992,1.27252,0.00317,0.74513,0.74409,0.7956,0.41361,1.65124,1.11959,0.0034,0.0015248,0.0015248,0.0015248
14,159.428,1.97601,1.24468,0.0032,0.75161,0.73031,0.79512,0.42154,1.62994,1.02911,0.00315,0.0014852,0.0014852,0.0014852
15,170.429,1.96789,1.26038,0.00308,0.80651,0.70079,0.8102,0.42881,1.69739,0.98025,0.00324,0.0014456,0.0014456,0.0014456
16,181.381,1.95578,1.24469,0.0031,0.75753,0.69488,0.80305,0.43506,1.63967,1.03292,0.00324,0.001406,0.001406,0.001406
17,192.467,1.96067,1.22302,0.00309,0.73154,0.73228,0.8015,0.43289,1.63695,1.0563,0.00331,0.0013664,0.0013664,0.0013664
18,203.439,1.93996,1.23244,0.00308,0.75941,0.75805,0.81844,0.43784,1.64335,0.99921,0.00302,0.0013268,0.0013268,0.0013268
19,214.515,1.92178,1.17381,0.00298,0.73785,0.71654,0.80203,0.42368,1.67931,0.95595,0.00328,0.0012872,0.0012872,0.0012872
20,225.623,1.91094,1.19087,0.00302,0.74613,0.71654,0.78089,0.42419,1.62065,1.05974,0.00304,0.0012476,0.0012476,0.0012476
21,236.812,1.90393,1.16048,0.00293,0.8179,0.72835,0.82773,0.44435,1.64046,0.99907,0.00314,0.001208,0.001208,0.001208
22,247.924,1.90926,1.19012,0.00294,0.81514,0.73622,0.83757,0.4563,1.61108,0.93319,0.00306,0.0011684,0.0011684,0.0011684
23,259.104,1.89271,1.15327,0.003,0.78955,0.73031,0.82961,0.44603,1.62687,1.00108,0.00304,0.0011288,0.0011288,0.0011288
24,270.34,1.9118,1.167,0.00296,0.83645,0.76515,0.85233,0.47233,1.61418,0.91937,0.00307,0.0010892,0.0010892,0.0010892
25,281.349,1.88991,1.15496,0.00294,0.74608,0.77165,0.82563,0.45822,1.59875,0.91446,0.00304,0.0010496,0.0010496,0.0010496
26,292.327,1.87772,1.1225,0.00288,0.82387,0.73228,0.83823,0.46342,1.57998,0.88107,0.00294,0.00101,0.00101,0.00101
27,303.28,1.85383,1.11474,0.0028,0.78603,0.76969,0.84592,0.46231,1.60145,0.91165,0.00311,0.0009704,0.0009704,0.0009704
28,314.38,1.85936,1.09035,0.00281,0.82398,0.76969,0.84772,0.47599,1.57145,0.899,0.00308,0.0009308,0.0009308,0.0009308
29,325.353,1.843,1.10579,0.00282,0.76489,0.76181,0.8422,0.46175,1.59965,0.87229,0.00305,0.0008912,0.0008912,0.0008912
30,336.318,1.84629,1.08552,0.00276,0.79262,0.72229,0.82687,0.46706,1.58256,0.88549,0.00298,0.0008516,0.0008516,0.0008516
31,347.271,1.84115,1.09857,0.00275,0.83151,0.74801,0.85546,0.47515,1.59797,0.85618,0.00317,0.000812,0.000812,0.000812
32,358.352,1.8241,1.08908,0.00275,0.81336,0.76969,0.85092,0.48611,1.55386,0.85832,0.00292,0.0007724,0.0007724,0.0007724
33,369.389,1.8262,1.08357,0.00279,0.80985,0.75,0.85951,0.48272,1.57985,0.82629,0.00309,0.0007328,0.0007328,0.0007328
34,380.441,1.82851,1.0698,0.00274,0.80006,0.75394,0.85031,0.47211,1.57839,0.89515,0.00305,0.0006932,0.0006932,0.0006932
35,391.583,1.80022,1.04613,0.00269,0.88065,0.69722,0.85915,0.47673,1.59863,0.82619,0.00305,0.0006536,0.0006536,0.0006536
36,402.636,1.80706,1.08083,0.00274,0.79182,0.77953,0.85775,0.48551,1.54696,0.86009,0.00288,0.000614,0.000614,0.000614
37,413.689,1.79082,1.06171,0.00267,0.80047,0.77165,0.86348,0.48398,1.59291,0.84065,0.003,0.0005744,0.0005744,0.0005744
38,424.756,1.77465,1.01925,0.00258,0.80824,0.77756,0.86533,0.48892,1.55081,0.85093,0.00287,0.0005348,0.0005348,0.0005348
39,435.917,1.78997,1.04609,0.00268,0.82126,0.75,0.86086,0.48244,1.54509,0.86006,0.00292,0.0004952,0.0004952,0.0004952
40,446.987,1.78022,1.03645,0.00268,0.80408,0.76748,0.87255,0.49693,1.53882,0.80095,0.00289,0.0004556,0.0004556,0.0004556
41,463.527,1.70188,0.99289,0.00273,0.81084,0.75941,0.86984,0.49038,1.55674,0.82154,0.00291,0.000416,0.000416,0.000416
42,474.192,1.70489,1.00225,0.00274,0.78659,0.82087,0.86842,0.49578,1.54719,0.82228,0.00288,0.0003764,0.0003764,0.0003764
43,484.911,1.68411,0.97236,0.00268,0.83941,0.74606,0.87004,0.49455,1.55653,0.81612,0.00295,0.0003368,0.0003368,0.0003368
44,495.57,1.68937,1.00004,0.00272,0.84473,0.75197,0.8729,0.49579,1.5484,0.83126,0.00285,0.0002972,0.0002972,0.0002972
45,506.235,1.67835,0.98724,0.00266,0.81971,0.76968,0.87453,0.49494,1.56658,0.81531,0.00292,0.0002576,0.0002576,0.0002576
46,516.926,1.67927,0.96912,0.00263,0.77693,0.80216,0.86938,0.49508,1.55943,0.82971,0.00291,0.000218,0.000218,0.000218
47,527.756,1.6595,0.95319,0.00262,0.8081,0.77093,0.87035,0.49171,1.56433,0.83542,0.00294,0.0001784,0.0001784,0.0001784
48,538.423,1.66199,0.96468,0.00262,0.80345,0.76969,0.86495,0.49013,1.54736,0.85714,0.00294,0.0001388,0.0001388,0.0001388
49,549.098,1.64847,0.94972,0.00262,0.80472,0.76969,0.87013,0.49616,1.54931,0.83772,0.00292,9.92e-05,9.92e-05,9.92e-05
50,559.767,1.64627,0.95688,0.00259,0.8313,0.7566,0.86961,0.49624,1.54139,0.8258,0.0029,5.96e-05,5.96e-05,5.96e-05
